{
  "ablation": [
    {
      "variant": "A_Transformer",
      "bias_mode": "none",
      "lambda": 0.0,
      "repeat": 0,
      "best_test_acc": 0.7833333333333333,
      "final_test_acc": 0.7783333333333333,
      "final_train_loss": 0.004062932563593259,
      "final_test_loss": 1.0639468987782796,
      "train_time_s": 226.13451385498047,
      "test_acc_curve": [
        0.205,
        0.5483333333333333,
        0.7033333333333334,
        0.7383333333333333,
        0.7616666666666667,
        0.755,
        0.755,
        0.7633333333333333,
        0.76,
        0.7733333333333333,
        0.7666666666666667,
        0.7783333333333333,
        0.7766666666666666,
        0.7816666666666666,
        0.7833333333333333,
        0.78,
        0.7833333333333333,
        0.78,
        0.7783333333333333,
        0.7783333333333333
      ]
    },
    {
      "variant": "A_Transformer",
      "bias_mode": "none",
      "lambda": 0.0,
      "repeat": 1,
      "best_test_acc": 0.815,
      "final_test_acc": 0.8116666666666666,
      "final_train_loss": 0.00424499372712563,
      "final_test_loss": 0.991262542406718,
      "train_time_s": 216.5452697277069,
      "test_acc_curve": [
        0.14833333333333334,
        0.45,
        0.72,
        0.7633333333333333,
        0.7933333333333333,
        0.7766666666666666,
        0.795,
        0.7883333333333333,
        0.7933333333333333,
        0.8066666666666666,
        0.8016666666666666,
        0.7933333333333333,
        0.8033333333333333,
        0.8083333333333333,
        0.8033333333333333,
        0.8116666666666666,
        0.815,
        0.8116666666666666,
        0.8116666666666666,
        0.8116666666666666
      ]
    },
    {
      "variant": "A_Transformer",
      "bias_mode": "none",
      "lambda": 0.0,
      "repeat": 2,
      "best_test_acc": 0.7983333333333333,
      "final_test_acc": 0.785,
      "final_train_loss": 0.007908014693876376,
      "final_test_loss": 1.098150421778361,
      "train_time_s": 218.44731855392456,
      "test_acc_curve": [
        0.175,
        0.13166666666666665,
        0.615,
        0.7316666666666667,
        0.765,
        0.7983333333333333,
        0.755,
        0.7783333333333333,
        0.7966666666666666,
        0.7766666666666666,
        0.7816666666666666,
        0.7933333333333333,
        0.7866666666666666,
        0.7816666666666666,
        0.775,
        0.78,
        0.7816666666666666,
        0.785,
        0.785,
        0.785
      ]
    },
    {
      "variant": "B_Position",
      "bias_mode": "pos",
      "lambda": 0.5,
      "repeat": 0,
      "best_test_acc": 0.7883333333333333,
      "final_test_acc": 0.7883333333333333,
      "final_train_loss": 0.003876458670994317,
      "final_test_loss": 1.0416532389322917,
      "train_time_s": 220.06679964065552,
      "test_acc_curve": [
        0.215,
        0.5633333333333334,
        0.7233333333333334,
        0.755,
        0.7533333333333333,
        0.7483333333333333,
        0.7566666666666667,
        0.755,
        0.7716666666666666,
        0.7783333333333333,
        0.7683333333333333,
        0.7833333333333333,
        0.77,
        0.775,
        0.7866666666666666,
        0.785,
        0.7866666666666666,
        0.7883333333333333,
        0.7883333333333333,
        0.7883333333333333
      ]
    },
    {
      "variant": "B_Position",
      "bias_mode": "pos",
      "lambda": 0.5,
      "repeat": 1,
      "best_test_acc": 0.8116666666666666,
      "final_test_acc": 0.8033333333333333,
      "final_train_loss": 0.0037706642996872194,
      "final_test_loss": 1.0014440393447877,
      "train_time_s": 222.64780187606812,
      "test_acc_curve": [
        0.145,
        0.545,
        0.735,
        0.7683333333333333,
        0.7916666666666666,
        0.79,
        0.7716666666666666,
        0.7883333333333333,
        0.8016666666666666,
        0.7883333333333333,
        0.79,
        0.7916666666666666,
        0.805,
        0.7966666666666666,
        0.8033333333333333,
        0.8116666666666666,
        0.8033333333333333,
        0.8033333333333333,
        0.8033333333333333,
        0.8033333333333333
      ]
    },
    {
      "variant": "B_Position",
      "bias_mode": "pos",
      "lambda": 0.5,
      "repeat": 2,
      "best_test_acc": 0.7933333333333333,
      "final_test_acc": 0.7883333333333333,
      "final_train_loss": 0.005758978070917766,
      "final_test_loss": 1.0990284824371337,
      "train_time_s": 220.59041333198547,
      "test_acc_curve": [
        0.17666666666666667,
        0.14833333333333334,
        0.65,
        0.76,
        0.7583333333333333,
        0.7916666666666666,
        0.7716666666666666,
        0.775,
        0.7816666666666666,
        0.7933333333333333,
        0.7916666666666666,
        0.7866666666666666,
        0.7883333333333333,
        0.7883333333333333,
        0.79,
        0.7933333333333333,
        0.79,
        0.79,
        0.7866666666666666,
        0.7883333333333333
      ]
    },
    {
      "variant": "C_SimpleStructure",
      "bias_mode": "simple",
      "lambda": 0.5,
      "repeat": 0,
      "best_test_acc": 0.78,
      "final_test_acc": 0.7766666666666666,
      "final_train_loss": 0.0040726119973319205,
      "final_test_loss": 1.018226259549459,
      "train_time_s": 221.88896989822388,
      "test_acc_curve": [
        0.22666666666666666,
        0.5683333333333334,
        0.7366666666666667,
        0.7633333333333333,
        0.75,
        0.76,
        0.7616666666666667,
        0.7483333333333333,
        0.76,
        0.7533333333333333,
        0.7616666666666667,
        0.77,
        0.765,
        0.7733333333333333,
        0.775,
        0.7733333333333333,
        0.7716666666666666,
        0.78,
        0.7766666666666666,
        0.7766666666666666
      ]
    },
    {
      "variant": "C_SimpleStructure",
      "bias_mode": "simple",
      "lambda": 0.5,
      "repeat": 1,
      "best_test_acc": 0.8183333333333334,
      "final_test_acc": 0.8083333333333333,
      "final_train_loss": 0.003695134847500437,
      "final_test_loss": 0.9193294366200765,
      "train_time_s": 221.33916783332825,
      "test_acc_curve": [
        0.14333333333333334,
        0.3466666666666667,
        0.75,
        0.78,
        0.7966666666666666,
        0.7783333333333333,
        0.8133333333333334,
        0.7916666666666666,
        0.8066666666666666,
        0.805,
        0.8033333333333333,
        0.8033333333333333,
        0.8066666666666666,
        0.81,
        0.8183333333333334,
        0.8166666666666667,
        0.8083333333333333,
        0.8083333333333333,
        0.8083333333333333,
        0.8083333333333333
      ]
    },
    {
      "variant": "C_SimpleStructure",
      "bias_mode": "simple",
      "lambda": 0.5,
      "repeat": 2,
      "best_test_acc": 0.8016666666666666,
      "final_test_acc": 0.7983333333333333,
      "final_train_loss": 0.004068158611000792,
      "final_test_loss": 1.017640110651652,
      "train_time_s": 220.15592741966248,
      "test_acc_curve": [
        0.175,
        0.15,
        0.7266666666666667,
        0.7633333333333333,
        0.7883333333333333,
        0.7833333333333333,
        0.7733333333333333,
        0.7866666666666666,
        0.7916666666666666,
        0.7916666666666666,
        0.8016666666666666,
        0.8,
        0.7983333333333333,
        0.795,
        0.8,
        0.8016666666666666,
        0.8016666666666666,
        0.7983333333333333,
        0.7983333333333333,
        0.7983333333333333
      ]
    },
    {
      "variant": "D_SpiderWeb",
      "bias_mode": "full",
      "lambda": 0.5,
      "repeat": 0,
      "best_test_acc": 0.7816666666666666,
      "final_test_acc": 0.775,
      "final_train_loss": 0.0036567560132794285,
      "final_test_loss": 1.0465951458613079,
      "train_time_s": 225.66761898994446,