{
  "lambda_scan": [
    {
      "lambda": 0.0,
      "repeat": 0,
      "best_test_acc": 0.7833333333333333,
      "final_test_acc": 0.7783333333333333,
      "final_train_loss": 0.004062932563593259,
      "final_test_loss": 1.0639468987782796,
      "train_time_s": 225.09373664855957,
      "test_acc_curve": [
        0.205,
        0.5483333333333333,
        0.7033333333333334,
        0.7383333333333333,
        0.7616666666666667,
        0.755,
        0.755,
        0.7633333333333333,
        0.76,
        0.7733333333333333,
        0.7666666666666667,
        0.7783333333333333,
        0.7766666666666666,
        0.7816666666666666,
        0.7833333333333333,
        0.78,
        0.7833333333333333,
        0.78,
        0.7783333333333333,
        0.7783333333333333
      ]
    },
    {
      "lambda": 0.0,
      "repeat": 1,
      "best_test_acc": 0.815,
      "final_test_acc": 0.8116666666666666,
      "final_train_loss": 0.00424499372712563,
      "final_test_loss": 0.991262542406718,
      "train_time_s": 227.3752727508545,
      "test_acc_curve": [
        0.14833333333333334,
        0.45,
        0.72,
        0.7633333333333333,
        0.7933333333333333,
        0.7766666666666666,
        0.795,
        0.7883333333333333,
        0.7933333333333333,
        0.8066666666666666,
        0.8016666666666666,
        0.7933333333333333,
        0.8033333333333333,
        0.8083333333333333,
        0.8033333333333333,
        0.8116666666666666,
        0.815,
        0.8116666666666666,
        0.8116666666666666,
        0.8116666666666666
      ]
    },
    {
      "lambda": 0.0,
      "repeat": 2,
      "best_test_acc": 0.7983333333333333,
      "final_test_acc": 0.785,
      "final_train_loss": 0.007908014693876376,
      "final_test_loss": 1.098150421778361,
      "train_time_s": 227.59217739105225,
      "test_acc_curve": [
        0.175,
        0.13166666666666665,
        0.615,
        0.7316666666666667,
        0.765,
        0.7983333333333333,
        0.755,
        0.7783333333333333,
        0.7966666666666666,
        0.7766666666666666,
        0.7816666666666666,
        0.7933333333333333,
        0.7866666666666666,
        0.7816666666666666,
        0.775,
        0.78,
        0.7816666666666666,
        0.785,
        0.785,
        0.785
      ]
    },
    {
      "lambda": 0.1,
      "repeat": 0,
      "best_test_acc": 0.7766666666666666,
      "final_test_acc": 0.77,
      "final_train_loss": 0.0035448606453231863,
      "final_test_loss": 1.0676759831110636,
      "train_time_s": 219.93036150932312,
      "test_acc_curve": [
        0.20833333333333334,
        0.5783333333333334,
        0.715,
        0.7433333333333333,
        0.7533333333333333,
        0.75,
        0.7533333333333333,
        0.7566666666666667,
        0.7616666666666667,
        0.7633333333333333,
        0.7683333333333333,
        0.7766666666666666,
        0.76,
        0.7766666666666666,
        0.7733333333333333,
        0.7733333333333333,
        0.775,
        0.77,
        0.77,
        0.77
      ]
    },
    {
      "lambda": 0.1,
      "repeat": 1,
      "best_test_acc": 0.82,
      "final_test_acc": 0.8183333333333334,
      "final_train_loss": 0.004155855669916884,
      "final_test_loss": 0.9649023993810018,
      "train_time_s": 223.52348494529724,
      "test_acc_curve": [
        0.14833333333333334,
        0.4683333333333333,
        0.735,
        0.7566666666666667,
        0.8016666666666666,
        0.7716666666666666,
        0.7683333333333333,
        0.7816666666666666,
        0.8133333333333334,
        0.8033333333333333,
        0.8033333333333333,
        0.7983333333333333,
        0.8116666666666666,
        0.8133333333333334,
        0.815,
        0.82,
        0.8183333333333334,
        0.8183333333333334,
        0.8183333333333334,
        0.8183333333333334
      ]
    },
    {
      "lambda": 0.1,
      "repeat": 2,
      "best_test_acc": 0.7983333333333333,
      "final_test_acc": 0.7966666666666666,
      "final_train_loss": 0.007744297328581278,
      "final_test_loss": 1.1103183841705322,
      "train_time_s": 223.42893886566162,
      "test_acc_curve": [
        0.17833333333333334,
        0.14,
        0.6533333333333333,
        0.7283333333333334,
        0.7733333333333333,
        0.7933333333333333,
        0.7733333333333333,
        0.775,
        0.7816666666666666,
        0.7833333333333333,
        0.7933333333333333,
        0.7833333333333333,
        0.7933333333333333,
        0.7883333333333333,
        0.7916666666666666,
        0.795,
        0.7933333333333333,
        0.795,
        0.7983333333333333,
        0.7966666666666666
      ]
    },
    {
      "lambda": 0.3,
      "repeat": 0,
      "best_test_acc": 0.78,
      "final_test_acc": 0.7766666666666666,
      "final_train_loss": 0.0034450440875229403,
      "final_test_loss": 1.0403289810816447,
      "train_time_s": 223.9653651714325,
      "test_acc_curve": [
        0.21333333333333335,
        0.605,
        0.7466666666666667,
        0.7616666666666667,
        0.7633333333333333,
        0.7666666666666667,
        0.7683333333333333,
        0.7533333333333333,
        0.7716666666666666,
        0.7733333333333333,
        0.7683333333333333,
        0.7733333333333333,
        0.7683333333333333,
        0.7783333333333333,
        0.7766666666666666,
        0.775,
        0.7733333333333333,
        0.78,
        0.7766666666666666,
        0.7766666666666666
      ]
    },
    {
      "lambda": 0.3,
      "repeat": 1,
      "best_test_acc": 0.81,
      "final_test_acc": 0.8083333333333333,
      "final_train_loss": 0.003784995057267716,
      "final_test_loss": 1.0081604385375977,
      "train_time_s": 220.4595410823822,
      "test_acc_curve": [
        0.155,
        0.5616666666666666,
        0.7133333333333334,
        0.755,
        0.8,
        0.795,
        0.795,
        0.79,
        0.805,
        0.8016666666666666,
        0.805,
        0.79,
        0.8066666666666666,
        0.8033333333333333,
        0.81,
        0.81,
        0.805,
        0.8083333333333333,
        0.8066666666666666,
        0.8083333333333333
      ]
    },
    {
      "lambda": 0.3,
      "repeat": 2,
      "best_test_acc": 0.7966666666666666,
      "final_test_acc": 0.7916666666666666,
      "final_train_loss": 0.005747644356577783,
      "final_test_loss": 1.0309779898325602,
      "train_time_s": 223.92525005340576,
      "test_acc_curve": [
        0.15166666666666667,
        0.15,
        0.675,
        0.765,
        0.7616666666666667,
        0.7816666666666666,
        0.75,
        0.7716666666666666,
        0.7966666666666666,
        0.785,
        0.79,
        0.7833333333333333,
        0.795,
        0.79,
        0.7933333333333333,
        0.7933333333333333,
        0.79,
        0.7883333333333333,
        0.7916666666666666,
        0.7916666666666666
      ]
    },
    {
      "lambda": 0.5,
      "repeat": 0,
      "best_test_acc": 0.7816666666666666,
      "final_test_acc": 0.775,
      "final_train_loss": 0.0036567560132794285,
      "final_test_loss": 1.0465951458613079,
      "train_time_s": 229.17941546440125,
      "test_acc_curve": [
        0.22333333333333333,
        0.5783333333333334,
        0.7583333333333333,
        0.7666666666666667,
        0.7466666666666667,
        0.7683333333333333,
        0.7666666666666667,
        0.7816666666666666,
        0.7766666666666666,
        0.77,
        0.7766666666666666,
        0.7716666666666666,
        0.7666666666666667,
        0.7716666666666666,
        0.7666666666666667,
        0.7733333333333333,
        0.7716666666666666,
        0.775,
        0.775,
        0.775
      ]
    },
    {
      "lambda": 0.5,
      "repeat": 1,
      "best_test_acc": 0.82,
      "final_test_acc": 0.8133333333333334,
      "final_train_loss": 0.003984233575268976,